{
  "checkpoint_epoch": 19,
  "test_set_size": 69584,
  "classification": {
    "accuracy": 0.9638997470682915,
    "f1_weighted": 0.963846203385653,
    "f1_macro": 0.9633707050846878,
    "per_class": {
      "Low": {
        "precision": 0.9601808116207019,
        "recall": 0.9880834160873883,
        "f1": 0.9739323064241925,
        "support": 19133
      },
      "Moderate": {
        "precision": 0.9537143201979361,
        "recall": 0.9361450065158157,
        "f1": 0.9448479956954533,
        "support": 16882
      },
      "High": {
        "precision": 0.954265503994146,
        "recall": 0.954265503994146,
        "f1": 0.954265503994146,
        "support": 16399
      },
      "Very High": {
        "precision": 0.987533234859675,
        "recall": 0.9734420500873617,
        "f1": 0.9804370142249597,
        "support": 17170
      }
    },
    "confusion_matrix": [
      [
        18905,
        228,
        0,
        0
      ],
      [
        783,
        15804,
        295,
        0
      ],
      [
        1,
        538,
        15649,
        211
      ],
      [
        0,
        1,
        455,
        16714
      ]
    ]
  },
  "forecasting": {
    "overall_mae": 0.24838298559188843,
    "overall_rmse": 0.4677552282810211,
    "overall_r2": 0.7753534317016602,
    "per_horizon": {
      "t+6h": {
        "mae": 0.12212396413087845,
        "rmse": 0.2316637933254242,
        "r2": 0.9448888897895813
      },
      "t+12h": {
        "mae": 0.11973459273576736,
        "rmse": 0.2266111671924591,
        "r2": 0.9472668766975403
      },
      "t+18h": {
        "mae": 0.12143215537071228,
        "rmse": 0.23587773740291595,
        "r2": 0.9428659677505493
      },
      "t+24h": {
        "mae": 0.12692150473594666,
        "rmse": 0.23863357305526733,
        "r2": 0.9415236115455627
      },
      "t+30h": {
        "mae": 0.12642814218997955,
        "rmse": 0.24432982504367828,
        "r2": 0.9386993050575256
      },
      "t+36h": {
        "mae": 0.1342567354440689,
        "rmse": 0.2542833387851715,
        "r2": 0.9336032867431641
      },
      "t+42h": {
        "mae": 0.13598914444446564,
        "rmse": 0.25481241941452026,
        "r2": 0.933327317237854
      },
      "t+48h": {
        "mae": 0.13158315420150757,
        "rmse": 0.24949708580970764,
        "r2": 0.9360806345939636
      },
      "t+54h": {
        "mae": 0.12897825241088867,
        "rmse": 0.24720969796180725,
        "r2": 0.9372482895851135
      },
      "t+60h": {
        "mae": 0.11345887929201126,
        "rmse": 0.22527049481868744,
        "r2": 0.9478932619094849
      },
      "t+66h": {
        "mae": 0.11378674954175949,
        "rmse": 0.22985894978046417,
        "r2": 0.945749819278717
      },
      "t+72h": {
        "mae": 0.11556268483400345,
        "rmse": 0.2435329556465149,
        "r2": 0.9391046166419983
      },
      "t+78h": {
        "mae": 0.19869987666606903,
        "rmse": 0.35704460740089417,
        "r2": 0.8691110610961914
      },
      "t+84h": {
        "mae": 0.2896173894405365,
        "rmse": 0.4836209714412689,
        "r2": 0.7598636150360107
      },
      "t+90h": {
        "mae": 0.3712734282016754,
        "rmse": 0.58799809217453,
        "r2": 0.6450337171554565
      },
      "t+96h": {
        "mae": 0.4373840093612671,
        "rmse": 0.668391764163971,
        "r2": 0.541349470615387
      },
      "t+102h": {
        "mae": 0.4908486008644104,
        "rmse": 0.7315022349357605,
        "r2": 0.45067352056503296
      },
      "t+108h": {
        "mae": 0.5326626896858215,
        "rmse": 0.7804081439971924,
        "r2": 0.3747994899749756
      },
      "t+114h": {
        "mae": 0.5659661889076233,
        "rmse": 0.8181211948394775,
        "r2": 0.3129531741142273
      },
      "t+120h": {
        "mae": 0.5909538865089417,
        "rmse": 0.8458377122879028,
        "r2": 0.2656554579734802
      }
    }
  },
  "year_by_year": {
    "2018": {
      "n_samples": 3848,
      "accuracy": 0.9589397089397089,
      "f1_weighted": 0.9589294206846475,
      "forecast_rmse": 0.4773893356323242
    },
    "2019": {
      "n_samples": 8760,
      "accuracy": 0.9560502283105022,
      "f1_weighted": 0.9560065545434864,
      "forecast_rmse": 0.4693615436553955
    },
    "2020": {
      "n_samples": 8784,
      "accuracy": 0.9645947176684881,
      "f1_weighted": 0.9645337700725471,
      "forecast_rmse": 0.4695354700088501
    },
    "2021": {
      "n_samples": 8760,
      "accuracy": 0.9710045662100457,
      "f1_weighted": 0.9710033929666947,
      "forecast_rmse": 0.48284250497817993
    },
    "2022": {
      "n_samples": 8760,
      "accuracy": 0.9622146118721461,
      "f1_weighted": 0.9622557631582798,
      "forecast_rmse": 0.4388161301612854
    },
    "2023": {
      "n_samples": 8760,
      "accuracy": 0.9655251141552511,
      "f1_weighted": 0.965451566791571,
      "forecast_rmse": 0.48188701272010803
    },
    "2024": {
      "n_samples": 8784,
      "accuracy": 0.9676684881602914,
      "f1_weighted": 0.9674848898335036,
      "forecast_rmse": 0.49230945110321045
    },
    "2025": {
      "n_samples": 8760,
      "accuracy": 0.9648401826484019,
      "f1_weighted": 0.9647562857795117,
      "forecast_rmse": 0.44110721349716187
    },
    "2026": {
      "n_samples": 4368,
      "accuracy": 0.9590201465201466,
      "f1_weighted": 0.9589888984359168,
      "forecast_rmse": 0.45000240206718445
    }
  }
}