{
  "checkpoint_epoch": 16,
  "test_set_size": 69584,
  "classification": {
    "accuracy": 0.9686709588411129,
    "f1_weighted": 0.9687083180625935,
    "f1_macro": 0.9687581245797703,
    "per_class": {
      "Low": {
        "precision": 0.978848156063346,
        "recall": 0.9809445359692477,
        "f1": 0.9798952247730327,
        "support": 18210
      },
      "Moderate": {
        "precision": 0.9486794551014734,
        "recall": 0.9656460467485426,
        "f1": 0.9570875638077074,
        "support": 17669
      },
      "High": {
        "precision": 0.9605638725461642,
        "recall": 0.9553328312380511,
        "f1": 0.9579412106425003,
        "support": 17261
      },
      "Very High": {
        "precision": 0.9880121114750047,
        "recall": 0.97233033325225,
        "f1": 0.9801084990958409,
        "support": 16444
      }
    },
    "confusion_matrix": [
      [
        17863,
        347,
        0,
        0
      ],
      [
        385,
        17062,
        222,
        0
      ],
      [
        1,
        576,
        16490,
        194
      ],
      [
        0,
        0,
        455,
        15989
      ]
    ]
  },
  "forecasting": {
    "overall_mae": 0.227804496884346,
    "overall_rmse": 0.42990484833717346,
    "overall_r2": 0.8036594390869141,
    "per_horizon": {
      "t+6h": {
        "mae": 0.1239413470029831,
        "rmse": 0.22536034882068634,
        "r2": 0.9460439085960388
      },
      "t+12h": {
        "mae": 0.11947306990623474,
        "rmse": 0.21784541010856628,
        "r2": 0.949580729007721
      },
      "t+18h": {
        "mae": 0.11583419889211655,
        "rmse": 0.21751666069030762,
        "r2": 0.9497312307357788
      },
      "t+24h": {
        "mae": 0.11021149158477783,
        "rmse": 0.204783633351326,
        "r2": 0.9554436802864075
      },
      "t+30h": {
        "mae": 0.11953552812337875,
        "rmse": 0.22306685149669647,
        "r2": 0.9471327662467957
      },
      "t+36h": {
        "mae": 0.11235477030277252,
        "rmse": 0.2052091360092163,
        "r2": 0.9552591443061829
      },
      "t+42h": {
        "mae": 0.11698544025421143,
        "rmse": 0.22509919106960297,
        "r2": 0.9461665749549866
      },
      "t+48h": {
        "mae": 0.11708122491836548,
        "rmse": 0.21886281669139862,
        "r2": 0.9491086602210999
      },
      "t+54h": {
        "mae": 0.11356284469366074,
        "rmse": 0.21332262456417084,
        "r2": 0.9516531229019165
      },
      "t+60h": {
        "mae": 0.10557014495134354,
        "rmse": 0.20788195729255676,
        "r2": 0.9540888667106628
      },
      "t+66h": {
        "mae": 0.10119911283254623,
        "rmse": 0.19659851491451263,
        "r2": 0.9589385390281677
      },
      "t+72h": {
        "mae": 0.10578254610300064,
        "rmse": 0.21294979751110077,
        "r2": 0.9518252611160278
      },
      "t+78h": {
        "mae": 0.1772063672542572,
        "rmse": 0.3165642321109772,
        "r2": 0.8935416340827942
      },
      "t+84h": {
        "mae": 0.25987905263900757,
        "rmse": 0.4368966519832611,
        "r2": 0.7972317934036255
      },
      "t+90h": {
        "mae": 0.3369639217853546,
        "rmse": 0.5411033630371094,
        "r2": 0.6889793276786804
      },
      "t+96h": {
        "mae": 0.40252363681793213,
        "rmse": 0.621588408946991,
        "r2": 0.5895862579345703
      },
      "t+102h": {
        "mae": 0.45513221621513367,
        "rmse": 0.6824744343757629,
        "r2": 0.5052562355995178
      },
      "t+108h": {
        "mae": 0.493306964635849,
        "rmse": 0.72555011510849,
        "r2": 0.4408408999443054
      },
      "t+114h": {
        "mae": 0.5235918164253235,
        "rmse": 0.7581177353858948,
        "r2": 0.3895237445831299
      },
      "t+120h": {
        "mae": 0.5459573268890381,
        "rmse": 0.7800737619400024,
        "r2": 0.35365766286849976
      }
    }
  },
  "year_by_year": {
    "2018": {
      "n_samples": 3848,
      "accuracy": 0.96491683991684,
      "f1_weighted": 0.9648706747489638,
      "forecast_rmse": 0.5051313638687134
    },
    "2019": {
      "n_samples": 8760,
      "accuracy": 0.9614155251141553,
      "f1_weighted": 0.9614587093754033,
      "forecast_rmse": 0.44504013657569885
    },
    "2020": {
      "n_samples": 8784,
      "accuracy": 0.9751821493624773,
      "f1_weighted": 0.975199525628498,
      "forecast_rmse": 0.4111793339252472
    },
    "2021": {
      "n_samples": 8760,
      "accuracy": 0.9763698630136987,
      "f1_weighted": 0.9764064516525218,
      "forecast_rmse": 0.39325255155563354
    },
    "2022": {
      "n_samples": 8760,
      "accuracy": 0.9655251141552511,
      "f1_weighted": 0.9656270746297717,
      "forecast_rmse": 0.41607457399368286
    },
    "2023": {
      "n_samples": 8760,
      "accuracy": 0.9700913242009133,
      "f1_weighted": 0.9701244002644182,
      "forecast_rmse": 0.43900683522224426
    },
    "2024": {
      "n_samples": 8784,
      "accuracy": 0.9724499089253188,
      "f1_weighted": 0.9725150644903215,
      "forecast_rmse": 0.42977163195610046
    },
    "2025": {
      "n_samples": 8760,
      "accuracy": 0.9665525114155251,
      "f1_weighted": 0.9666667232779762,
      "forecast_rmse": 0.44104936718940735
    },
    "2026": {
      "n_samples": 4368,
      "accuracy": 0.9581043956043956,
      "f1_weighted": 0.9581522427154041,
      "forecast_rmse": 0.42052462697029114
    }
  }
}